{"cameraMode":{"drawMode":0,"name":"Shaded","section":"Shading Mode"},"sceneLighting":false,"audioPlay":false,"sceneViewState":{"m_AlwaysRefresh":false,"showFog":true,"showSkybox":false,"showFlares":true,"showImageEffects":true,"showParticleSystems":true,"showVisualEffectGraphs":true,"m_FxEnabled":true},"in2DMode":false,"pivot":{"x":0.00004540383815765381,"y":-0.2028895914554596,"z":1.057116985321045},"rotation":{"x":0.017146166414022447,"y":-0.6994420289993286,"z":0.016789838671684266,"w":0.7142866849899292},"size":0.6638719439506531,"orthographic":true}