{"cameraMode":{"drawMode":0,"name":"Shaded","section":"Shading Mode"},"sceneLighting":false,"audioPlay":false,"sceneViewState":{"m_AlwaysRefresh":false,"showFog":true,"showSkybox":false,"showFlares":true,"showImageEffects":true,"showParticleSystems":true,"showVisualEffectGraphs":true,"m_FxEnabled":true},"in2DMode":false,"pivot":{"x":0.03271700441837311,"y":-0.2028895914554596,"z":1.0243546962738038},"rotation":{"x":-0.20803576707839967,"y":0.14087405800819398,"z":-0.03029281459748745,"w":-0.9674509763717651},"size":0.6638720631599426,"orthographic":false}