{"cameraMode":{"drawMode":0,"name":"Shaded","section":"Shading Mode"},"sceneLighting":false,"audioPlay":false,"sceneViewState":{"m_AlwaysRefresh":false,"showFog":true,"showSkybox":false,"showFlares":true,"showImageEffects":true,"showParticleSystems":true,"showVisualEffectGraphs":true,"m_FxEnabled":true},"in2DMode":false,"pivot":{"x":0.972348153591156,"y":1.3385069370269776,"z":0.9190374612808228},"rotation":{"x":-0.20803576707839967,"y":0.14087405800819398,"z":-0.03029281459748745,"w":-0.9674509763717651},"size":2.035214424133301,"orthographic":false}