{"cameraMode":{"drawMode":0,"name":"Shaded","section":"Shading Mode"},"sceneLighting":false,"audioPlay":false,"sceneViewState":{"m_AlwaysRefresh":false,"showFog":true,"showSkybox":false,"showFlares":true,"showImageEffects":true,"showParticleSystems":true,"showVisualEffectGraphs":true,"m_FxEnabled":true},"in2DMode":false,"pivot":{"x":1.466944932937622,"y":1.0933077335357667,"z":-0.7552143931388855},"rotation":{"x":-0.20803576707839967,"y":0.14087405800819398,"z":-0.03029281459748745,"w":-0.9674509763717651},"size":0.18408440053462983,"orthographic":false}