{"cameraMode":{"drawMode":0,"name":"Shaded","section":"Shading Mode"},"sceneLighting":false,"audioPlay":false,"sceneViewState":{"m_AlwaysRefresh":false,"showFog":true,"showSkybox":false,"showFlares":true,"showImageEffects":true,"showParticleSystems":true,"showVisualEffectGraphs":true,"m_FxEnabled":true},"in2DMode":false,"pivot":{"x":0.8966667652130127,"y":0.20164979994297028,"z":0.3613598942756653},"rotation":{"x":-0.20803576707839967,"y":0.14087405800819398,"z":-0.03029281459748745,"w":-0.9674509763717651},"size":1.2078593969345093,"orthographic":false}